planner,mapName,problemIndex,numSteps,cost,timespent,success
0,./map2.txt,0,6,9.976998200000002,5.80687676598609,True
1,./map2.txt,0,6,9.976998200000002,4.439285086002201,True
2,./map2.txt,0,6,9.976998200000002,3.493629062999389,True
3,./map2.txt,0,6,9.976998200000002,3.545158637003624,True
