planner,mapName,problemIndex,numSteps,cost,timespent,success
0,./map2.txt,0,9,17.343762,5.506579793989658,True
1,./map2.txt,0,9,17.343762,4.566935791008291,True
2,./map2.txt,0,9,17.343762,3.3629929650051054,True
3,./map2.txt,0,9,17.343762,3.2990107999939937,True
