planner,mapName,problemIndex,numSteps,cost,timespent,success
0,./map2.txt,0,10,16.1329694,5.481534598002327,True
1,./map2.txt,0,10,16.1329694,4.443955484995968,True
2,./map2.txt,0,10,16.1329694,3.328067787006148,True
3,./map2.txt,0,10,16.1329694,3.296832705003908,True
