planner,mapName,problemIndex,numSteps,cost,timespent,success
0,./map2.txt,0,7,11.480348999999999,6.433259198995074,True
1,./map2.txt,0,7,11.480348999999999,4.560491431999253,True
2,./map2.txt,0,7,11.480348999999999,3.8262745730025927,True
3,./map2.txt,0,7,11.480348999999999,3.7741516820096876,True
